id,pasaporte,nombre,fecha_nacimiento
4,F08731569,Diane Swanson,1974-02-14
38,O88716397,Gabriel Palmer,1981-08-18
24,B96464671,Eric Phelps,1994-10-01
8,J22810925,Jason Edwards,1975-02-09
2,W08204144,Melissa Jimenez,1998-12-18
35,D89562085,Francisco Rich,1996-02-21
22,R08362516,Rodney Wilson,1973-10-18
15,S26547035,Matthew Walsh,1993-09-20
40,N92528667,Brian Berry,1998-12-22
59,A85793465,Jacob Duran,1988-02-25
31,L01109034,Linda Warren,1975-03-13
25,E10934506,Danny Pratt,1998-10-31
58,B79815379,Samuel Jimenez,1984-01-07
17,I74549867,Laura Ward,1981-01-23
39,Y69764268,Patricia Norris,1974-12-08
18,O16330677,Michael Chavez,1976-08-28
45,U50608611,Jill Haas,1986-04-10
10,A35692355,Alex Deleon,1979-10-03
20,U46471214,James Singleton,1977-08-12
43,G17571521,Rebecca Valenzuela,1971-08-18
0,L89163667,Jessica Harvey,1996-04-08
53,P27318304,Patricia Alvarado,1983-08-01
14,J06543685,Ronnie Macias,1988-02-12
51,B29047250,Kristina Gilmore,1985-12-13
34,C02131672,Ronald Monroe,1984-09-12
37,O98651462,Joe Cabrera,1994-08-13
54,Q49180524,Gene Obrien,1999-07-02
19,Z32250364,Desiree Williams,1993-03-19
21,H50641909,Kimberly Brown,1999-09-02
23,V51246373,Latasha Nelson,1986-05-09
12,L28170812,Ronnie Moore,1997-01-12
7,Q46419538,Curtis Gutierrez,1974-03-14
46,Y81323264,Heather Arnold,1999-01-10
16,C97271665,Tracey Harris,1978-06-05
50,Y37241205,Adam Herrera,1976-12-04
47,T63857772,Michael Compton,1980-01-07
56,W12727804,Isaiah Riley,1986-09-18
32,I87476188,Darrell Henderson,1975-03-14
1,J00360904,Melanie Cummings,1980-09-01
49,O21522167,Kenneth Brady,1981-11-06
42,G18065401,Deborah Martinez,1987-02-03
13,U87751971,Bradley Glenn,1975-10-17
5,E21376006,Miguel Oliver,1992-08-27
52,F00773862,Sara Sims,1999-07-10
41,G16561693,Jeffrey Roberts,1971-12-02
33,P24467352,Samantha Mora,1990-10-27
28,W03439988,Nicholas Simmons,1994-08-03
26,S70038299,Elizabeth Jordan,1974-09-16
9,F40422038,John Ross,1979-03-16
30,X88103341,Daniel Callahan,1987-09-13
27,Z48029074,Steven Hernandez,1997-11-18
11,B62958600,David Tran,1975-08-07
48,W59287703,Alex Walsh,1985-12-12
29,H06267236,Mr. James Baxter,1982-05-03
36,U66847209,Justin Martin,1984-07-08
3,L91489362,Linda Paul,1983-01-12
57,I14085439,Kerry Quinn,1978-01-15
6,T50398906,Jason Moore,1991-01-27
55,U79474626,Rachael Vasquez,1998-10-31
44,O66207589,David Robinson,1983-05-04
